contestant_id,season_number,episode_number,episode_placement
150,12,1,TOP2
151,12,1,SAFE
148,12,1,HIGH
149,12,1,LOW
147,12,1,WIN
145,12,1,HIGH
146,12,1,LOW
156,12,2,WIN
154,12,2,TOP2
155,12,2,HIGH
157,12,2,HIGH
152,12,2,LOW
153,12,2,LOW
156,12,3,SAFE
150,12,3,SAFE
151,12,3,LOW
154,12,3,WIN
148,12,3,HIGH
149,12,3,HIGH
147,12,3,SAFE
155,12,3,SAFE
145,12,3,SAFE
157,12,3,SAFE
146,12,3,BTM2
152,12,3,SAFE
153,12,3,ELIM
156,12,4,HIGH
150,12,4,WIN
151,12,4,SAFE
154,12,4,SAFE
148,12,4,SAFE
149,12,4,SAFE
147,12,4,SAFE
155,12,4,SAFE
145,12,4,BTM2
157,12,4,LOW
146,12,4,HIGH
152,12,4,ELIM
156,12,5,SAFE
150,12,5,HIGH
151,12,5,SAFE
154,12,5,WIN
148,12,5,HIGH
149,12,5,BTM2
147,12,5,HIGH
155,12,5,HIGH
145,12,5,LOW
157,12,5,HIGH
146,12,5,ELIM
156,12,6,SAFE
150,12,6,WIN
151,12,6,LOW
154,12,6,HIGH
148,12,6,HIGH
149,12,6,SAFE
147,12,6,SAFE
155,12,6,SAFE
145,12,6,BTM2
157,12,6,ELIM
156,12,7,SAFE
150,12,7,WIN
151,12,7,HIGH
154,12,7,SAFE
148,12,7,LOW
149,12,7,BTM2
147,12,7,SAFE
155,12,7,HIGH
145,12,7,ELIM
156,12,8,HIGH
150,12,8,LOW
151,12,8,HIGH
154,12,8,LOW
148,12,8,HIGH
149,12,8,WIN
147,12,8,BTM2
155,12,8,ELIM
156,12,9,WIN
150,12,9,LOW
151,12,9,HIGH
154,12,9,SAFE
148,12,9,BTM2
149,12,9,HIGH
147,12,9,ELIM
156,12,10,WIN
150,12,10,SAFE
151,12,10,HIGH
154,12,10,HIGH
148,12,10,BTM2
149,12,10,BTM2
156,12,11,BTM2
150,12,11,SAFE
151,12,11,WIN
154,12,11,LOW
148,12,11,HIGH
149,12,11,ELIM
156,12,12,HIGH
150,12,12,WIN
151,12,12,BTM2
154,12,12,DISQ
148,12,12,ELIM
156,12,13,Guest
150,12,13,Guest
151,12,13,Guest
148,12,13,Guest
149,12,13,Guest
147,12,13,Guest
155,12,13,Guest
145,12,13,Guest
157,12,13,Guest
146,12,13,Guest
152,12,13,Guest
153,12,13,Guest
156,12,14,Winner
150,12,14,Runner-up
151,12,14,Runner-up
148,12,14,Guest
149,12,14,Miss C
147,12,14,Guest
155,12,14,Guest
145,12,14,Guest
157,12,14,Guest
146,12,14,Guest
152,12,14,Guest
153,12,14,Guest
9,1,1,SAFE
2,1,1,WIN
3,1,1,LOW
1,1,1,SAFE
4,1,1,HIGH
8,1,1,SAFE
6,1,1,BTM2
7,1,1,SAFE
5,1,1,ELIM
9,1,2,SAFE
2,1,2,HIGH
3,1,2,HIGH
1,1,2,HIGH
4,1,2,WIN
8,1,2,SAFE
6,1,2,BTM2
7,1,2,ELIM
9,1,3,WIN
2,1,3,HIGH
3,1,3,SAFE
1,1,3,BTM2
4,1,3,HIGH
8,1,3,LOW
6,1,3,ELIM
9,1,4,HIGH
2,1,4,HIGH
3,1,4,BTM2
1,1,4,LOW
4,1,4,WIN
8,1,4,ELIM
9,1,5,BTM2
2,1,5,LOW
3,1,5,WIN
1,1,5,HIGH
4,1,5,ELIM
9,1,6,WIN
2,1,6,HIGH
3,1,6,BTM2
1,1,6,ELIM
9,1,8,Winner
2,1,8,Runner-up
3,1,8,Eliminated
9,1,9,Guest
2,1,9,Miss C
3,1,9,Guest
1,1,9,Guest
4,1,9,Guest
8,1,9,Guest
6,1,9,Guest
7,1,9,Guest
5,1,9,Guest
21,2,1,HIGH
12,2,1,SAFE
13,2,1,SAFE
19,2,1,SAFE
20,2,1,HIGH
17,2,1,SAFE
14,2,1,BTM2
15,2,1,WIN
18,2,1,SAFE
16,2,1,LOW
10,2,1,SAFE
11,2,1,ELIM
21,2,2,HIGH
12,2,2,BTM2
13,2,2,HIGH
19,2,2,SAFE
20,2,2,SAFE
17,2,2,HIGH
14,2,2,WIN
15,2,2,SAFE
18,2,2,LOW
16,2,2,HIGH
10,2,2,ELIM
21,2,3,WIN
12,2,3,BTM2
13,2,3,SAFE
19,2,3,SAFE
20,2,3,HIGH
17,2,3,HIGH
14,2,3,SAFE
15,2,3,SAFE
18,2,3,SAFE
16,2,3,ELIM
21,2,4,SAFE
12,2,4,SAFE
13,2,4,LOW
19,2,4,WIN
20,2,4,HIGH
17,2,4,SAFE
14,2,4,SAFE
15,2,4,BTM2
18,2,4,ELIM
21,2,5,WIN
12,2,5,HIGH
13,2,5,HIGH
19,2,5,SAFE
20,2,5,LOW
17,2,5,HIGH
14,2,5,BTM2
15,2,5,ELIM
21,2,6,LOW
12,2,6,HIGH
13,2,6,BTM2
19,2,6,SAFE
20,2,6,HIGH
17,2,6,WIN
14,2,6,ELIM
21,2,7,HIGH
12,2,7,WIN
13,2,7,HIGH
19,2,7,BTM2
20,2,7,LOW
17,2,7,ELIM
21,2,8,HIGH
12,2,8,WIN
13,2,8,BTM2
19,2,8,HIGH
20,2,8,ELIM
21,2,9,WIN
12,2,9,HIGH
13,2,9,BTM2
19,2,9,ELIM
21,2,11,Winner
12,2,11,Runner-up
13,2,11,Eliminated
21,2,12,Guest
12,2,12,Guest
13,2,12,Guest
19,2,12,Guest
20,2,12,Miss C
17,2,12,Guest
14,2,12,Guest
15,2,12,Guest
18,2,12,Guest
16,2,12,Guest
10,2,12,Guest
11,2,12,Guest
33,3,2,WIN
25,3,2,HIGH
30,3,2,SAFE
28,3,2,SAFE
23,3,2,LOW
34,3,2,BTM2
22,3,2,SAFE
26,3,2,SAFE
29,3,2,SAFE
31,3,2,SAFE
32,3,2,HIGH
24,3,2,SAFE
27,3,2,ELIM
33,3,3,SAFE
25,3,3,SAFE
30,3,3,WIN
28,3,3,HIGH
23,3,3,LOW
34,3,3,WIN
22,3,3,BTM2
26,3,3,HIGH
29,3,3,HIGH
31,3,3,SAFE
32,3,3,HIGH
24,3,3,ELIM
33,3,4,SAFE
25,3,4,SAFE
30,3,4,WIN
28,3,4,HIGH
23,3,4,SAFE
34,3,4,SAFE
22,3,4,SAFE
26,3,4,HIGH
29,3,4,LOW
31,3,4,BTM2
32,3,4,ELIM
33,3,5,SAFE
25,3,5,WIN
30,3,5,SAFE
28,3,5,SAFE
23,3,5,SAFE
34,3,5,HIGH
22,3,5,SAFE
26,3,5,BTM2
29,3,5,LOW
31,3,5,ELIM
33,3,6,HIGH
25,3,6,SAFE
30,3,6,HIGH
28,3,6,LOW
23,3,6,SAFE
34,3,6,SAFE
22,3,6,BTM2
26,3,6,WIN
29,3,6,ELIM
33,3,7,WIN
25,3,7,HIGH
30,3,7,BTM2
28,3,7,HIGH
23,3,7,LOW
34,3,7,LOW
22,3,7,HIGH
26,3,7,ELIM
33,3,8,HIGH
25,3,8,BTM2
30,3,8,SAFE
28,3,8,HIGH
23,3,8,HIGH
34,3,8,WIN
22,3,8,ELIM
33,3,9,LOW
25,3,9,LOW
30,3,9,WIN
28,3,9,BTM2
23,3,9,BTM2
34,3,9,SAFE
33,3,10,WIN
25,3,10,HIGH
30,3,10,LOW
28,3,10,SAFE
23,3,10,ELIM
34,3,10,BTM2
33,3,11,HIGH
25,3,11,HIGH
30,3,11,BTM2
28,3,11,WIN
34,3,11,ELIM
33,3,12,BTM2
25,3,12,WIN
30,3,12,HIGH
28,3,12,SAFE
23,3,12,ELIM
33,3,13,HIGH
25,3,13,WIN
30,3,13,BTM2
28,3,13,ELIM
33,3,15,Winner
25,3,15,Runner-up
30,3,15,Eliminated
33,3,16,Guest
25,3,16,Guest
30,3,16,Guest
28,3,16,Miss C
23,3,16,Guest
34,3,16,Guest
22,3,16,Guest
26,3,16,Guest
29,3,16,Guest
31,3,16,Guest
32,3,16,Guest
24,3,16,Guest
27,3,16,Guest
46,4,1,WIN
45,4,1,SAFE
38,4,1,SAFE
47,4,1,SAFE
44,4,1,LOW
42,4,1,SAFE
35,4,1,SAFE
37,4,1,BTM2
40,4,1,SAFE
39,4,1,SAFE
43,4,1,HIGH
36,4,1,HIGH
41,4,1,ELIM
46,4,2,HIGH
45,4,2,WIN
38,4,2,SAFE
47,4,2,SAFE
44,4,2,SAFE
42,4,2,LOW
35,4,2,SAFE
37,4,2,SAFE
40,4,2,HIGH
39,4,2,WIN
43,4,2,BTM2
36,4,2,ELIM
46,4,3,WIN
45,4,3,HIGH
38,4,3,SAFE
47,4,3,SAFE
44,4,3,HIGH
42,4,3,BTM2
35,4,3,SAFE
37,4,3,SAFE
40,4,3,SAFE
39,4,3,LOW
43,4,3,ELIM
46,4,4,SAFE
45,4,4,HIGH
38,4,4,HIGH
47,4,4,WIN
44,4,4,LOW
42,4,4,SAFE
35,4,4,HIGH
37,4,4,HIGH
40,4,4,BTM2
39,4,4,ELIM
46,4,5,HIGH
45,4,5,WIN
38,4,5,LOW
47,4,5,SAFE
44,4,5,ELIM
42,4,5,SAFE
35,4,5,HIGH
37,4,5,SAFE
40,4,5,BTM2
46,4,6,SAFE
45,4,6,SAFE
38,4,6,HIGH
47,4,6,HIGH
42,4,6,LOW
35,4,6,WIN
37,4,6,BTM2
40,4,6,ELIM
46,4,7,HIGH
45,4,7,LOW
38,4,7,WIN
47,4,7,LOW
42,4,7,SAFE
35,4,7,BTM2
37,4,7,ELIM
46,4,8,BTM2
45,4,8,SAFE
38,4,8,BTM2
47,4,8,WIN
42,4,8,SAFE
35,4,8,DISQ
46,4,9,WIN
45,4,9,HIGH
38,4,9,LOW
47,4,9,BTM2
42,4,9,ELIM
46,4,10,LOW
45,4,10,HIGH
38,4,10,WIN
47,4,10,BTM2
44,4,10,ELIM
46,4,11,WIN
45,4,11,BTM2
38,4,11,HIGH
47,4,11,ELIM
46,4,13,SAFE
45,4,13,SAFE
38,4,13,SAFE
46,4,14,Winner
45,4,14,Runner-up
38,4,14,Runner-up
47,4,14,Miss C
44,4,14,Guest
42,4,14,Guest
35,4,14,Guest
37,4,14,Guest
40,4,14,Guest
39,4,14,Guest
43,4,14,Guest
36,4,14,Guest
41,4,14,Guest
53,5,1,SAFE
56,5,1,HIGH
49,5,1,WIN
48,5,1,SAFE
61,5,1,SAFE
52,5,1,SAFE
58,5,1,HIGH
50,5,1,LOW
60,5,1,HIGH
57,5,1,SAFE
55,5,1,SAFE
59,5,1,SAFE
51,5,1,BTM2
54,5,1,ELIM
53,5,2,SAFE
56,5,2,SAFE
49,5,2,SAFE
48,5,2,SAFE
61,5,2,SAFE
52,5,2,SAFE
58,5,2,HIGH
50,5,2,SAFE
60,5,2,WIN
57,5,2,HIGH
55,5,2,HIGH
59,5,2,BTM2
51,5,2,ELIM
53,5,3,HIGH
56,5,3,LOW
49,5,3,HIGH
48,5,3,WIN
61,5,3,BTM2
52,5,3,SAFE
58,5,3,SAFE
50,5,3,SAFE
60,5,3,SAFE
57,5,3,SAFE
55,5,3,LOW
59,5,3,ELIM
53,5,4,HIGH
56,5,4,SAFE
49,5,4,LOW
48,5,4,SAFE
61,5,4,SAFE
52,5,4,WIN
58,5,4,HIGH
50,5,4,SAFE
60,5,4,SAFE
57,5,4,ELIM
55,5,4,ELIM
53,5,5,WIN
56,5,5,HIGH
49,5,5,HIGH
48,5,5,BTM2
61,5,5,SAFE
52,5,5,SAFE
58,5,5,LOW
50,5,5,SAFE
60,5,5,ELIM
53,5,6,HIGH
56,5,6,SAFE
49,5,6,HIGH
48,5,6,SAFE
61,5,6,BTM2
52,5,6,LOW
58,5,6,WIN
50,5,6,ELIM
53,5,7,HIGH
56,5,7,HIGH
49,5,7,BTM2
48,5,7,SAFE
61,5,7,WIN
52,5,7,BTM2
58,5,7,LOW
53,5,8,HIGH
56,5,8,WIN
49,5,8,LOW
48,5,8,HIGH
61,5,8,SAFE
52,5,8,BTM2
58,5,8,ELIM
53,5,9,WIN
56,5,9,HIGH
49,5,9,HIGH
48,5,9,LOW
61,5,9,BTM2
52,5,9,ELIM
53,5,10,HIGH
56,5,10,LOW
49,5,10,WIN
48,5,10,BTM2
61,5,10,ELIM
53,5,11,BTM2
56,5,11,WIN
49,5,11,HIGH
48,5,11,ELIM
53,5,12,SAFE
56,5,12,SAFE
49,5,12,SAFE
53,5,14,Winner
56,5,14,Runner-up
49,5,14,Runner-up
48,5,14,Guest
61,5,14,Guest
52,5,14,Guest
58,5,14,Miss C
50,5,14,Guest
60,5,14,Guest
57,5,14,Guest
55,5,14,Guest
59,5,14,Guest
51,5,14,Guest
54,5,14,Guest
62,6,1,LOW
63,6,1,WIN
65,6,1,SAFE
64,6,1,SAFE
66,6,1,HIGH
68,6,1,BTM2
67,6,1,ELIM
69,6,2,WIN
74,6,2,SAFE
75,6,2,BTM2
71,6,2,LOW
70,6,2,HIGH
72,6,2,HIGH
73,6,2,ELIM
69,6,3,HIGH
62,6,3,LOW
74,6,3,HIGH
75,6,3,WIN
63,6,3,SAFE
71,6,3,HIGH
70,6,3,HIGH
65,6,3,SAFE
72,6,3,HIGH
64,6,3,SAFE
66,6,3,BTM2
68,6,3,ELIM
69,6,4,SAFE
62,6,4,HIGH
74,6,4,WIN
75,6,4,LOW
63,6,4,HIGH
71,6,4,SAFE
70,6,4,BTM2
65,6,4,SAFE
72,6,4,SAFE
64,6,4,SAFE
66,6,4,ELIM
69,6,5,HIGH
62,6,5,HIGH
74,6,5,SAFE
75,6,5,SAFE
63,6,5,WIN
71,6,5,SAFE
70,6,5,SAFE
65,6,5,BTM2
72,6,5,LOW
64,6,5,ELIM
69,6,6,HIGH
62,6,6,WIN
74,6,6,SAFE
75,6,6,LOW
63,6,6,SAFE
71,6,6,HIGH
70,6,6,BTM2
65,6,6,SAFE
72,6,6,ELIM
69,6,7,HIGH
62,6,7,WIN
74,6,7,LOW
75,6,7,BTM2
63,6,7,BTM2
71,6,7,LOW
70,6,7,HIGH
65,6,7,WIN
69,6,8,WIN
62,6,8,SAFE
74,6,8,SAFE
75,6,8,HIGH
63,6,8,LOW
71,6,8,BTM2
70,6,8,HIGH
65,6,8,ELIM
69,6,9,SAFE
62,6,9,BTM2
74,6,9,WIN
75,6,9,SAFE
63,6,9,HIGH
71,6,9,LOW
70,6,9,ELIM
69,6,10,WIN
62,6,10,BTM2
74,6,10,LOW
75,6,10,LOW
63,6,10,HIGH
71,6,10,ELIM
69,6,11,SAFE
62,6,11,WIN
74,6,11,LOW
75,6,11,BTM2
63,6,11,ELIM
69,6,12,SAFE
62,6,12,SAFE
74,6,12,SAFE
75,6,12,ELIM
69,6,14,Winner
62,6,14,Runner-up
74,6,14,Runner-up
75,6,14,Guest
63,6,14,Miss C
71,6,14,Guest
70,6,14,Guest
65,6,14,Guest
72,6,14,Guest
64,6,14,Guest
66,6,14,Guest
68,6,14,Guest
73,6,14,Guest
67,6,14,Guest
79,7,1,WIN
77,7,1,SAFE
86,7,1,SAFE
87,7,1,HIGH
81,7,1,SAFE
84,7,1,SAFE
76,7,1,HIGH
78,7,1,SAFE
80,7,1,SAFE
85,7,1,BTM2
83,7,1,SAFE
82,7,1,LOW
88,7,1,LOW
89,7,1,ELIM
79,7,2,HIGH
77,7,2,WIN
86,7,2,SAFE
87,7,2,SAFE
81,7,2,BTM2
84,7,2,SAFE
76,7,2,LOW
78,7,2,SAFE
80,7,2,SAFE
85,7,2,SAFE
83,7,2,HIGH
82,7,2,SAFE
88,7,2,ELIM
79,7,3,SAFE
77,7,3,HIGH
86,7,3,LOW
87,7,3,BTM2
81,7,3,SAFE
84,7,3,HIGH
76,7,3,HIGH
78,7,3,HIGH
80,7,3,WIN
85,7,3,SAFE
83,7,3,HIGH
82,7,3,ELIM
79,7,4,SAFE
77,7,4,SAFE
86,7,4,BTM2
87,7,4,WIN
81,7,4,HIGH
84,7,4,ELIM
76,7,4,SAFE
78,7,4,HIGH
80,7,4,SAFE
85,7,4,LOW
83,7,4,SAFE
79,7,5,LOW
77,7,5,SAFE
86,7,5,WIN
87,7,5,SAFE
81,7,5,SAFE
76,7,5,SAFE
78,7,5,SAFE
80,7,5,WIN
85,7,5,BTM2
83,7,5,ELIM
79,7,6,SAFE
77,7,6,HIGH
86,7,6,SAFE
87,7,6,HIGH
81,7,6,WIN
76,7,6,LOW
78,7,6,BTM2
80,7,6,SAFE
85,7,6,ELIM
79,7,7,SAFE
77,7,7,WIN
86,7,7,SAFE
87,7,7,WIN
81,7,7,HIGH
76,7,7,LOW
78,7,7,BTM2
80,7,7,ELIM
79,7,8,HIGH
77,7,8,BTM2
86,7,8,WIN
87,7,8,SAFE
81,7,8,HIGH
84,7,8,WIN
76,7,8,LOW
78,7,8,ELIM
80,7,8,OUT
85,7,8,OUT
83,7,8,OUT
82,7,8,OUT
88,7,8,OUT
89,7,8,OUT
79,7,9,LOW
77,7,9,WIN
86,7,9,BTM2
87,7,9,SAFE
81,7,9,HIGH
84,7,9,SAFE
76,7,9,ELIM
79,7,10,WIN
77,7,10,BTM2
86,7,10,SAFE
87,7,10,SAFE
81,7,10,WIN
84,7,10,ELIM
79,7,11,WIN
77,7,11,SAFE
86,7,11,SAFE
87,7,11,BTM2
81,7,11,ELIM
79,7,12,SAFE
77,7,12,SAFE
86,7,12,SAFE
87,7,12,ELIM
79,7,14,Winner
77,7,14,Runner-up
86,7,14,Runner-up
87,7,14,Guest
81,7,14,Miss C
84,7,14,Guest
76,7,14,Guest
78,7,14,Guest
80,7,14,Guest
85,7,14,Guest
83,7,14,Guest
82,7,14,Guest
88,7,14,Guest
89,7,14,Guest
98,8,1,SAFE
96,8,1,WIN
90,8,1,SAFE
100,8,1,SAFE
101,8,1,HIGH
97,8,1,SAFE
95,8,1,LOW
94,8,1,HIGH
93,8,1,ELIM
91,8,1,SAFE
92,8,1,SAFE
99,8,1,BTM2
98,8,2,SAFE
96,8,2,LOW
90,8,2,SAFE
100,8,2,WIN
101,8,2,SAFE
97,8,2,HIGH
95,8,2,SAFE
94,8,2,HIGH
91,8,2,SAFE
92,8,2,ELIM
99,8,2,ELIM
98,8,3,WIN
96,8,3,SAFE
90,8,3,SAFE
100,8,3,SAFE
101,8,3,LOW
97,8,3,HIGH
95,8,3,BTM2
94,8,3,HIGH
93,8,3,SAFE
91,8,3,ELIM
98,8,4,SAFE
96,8,4,HIGH
90,8,4,HIGH
100,8,4,BTM2
101,8,4,LOW
97,8,4,SAFE
95,8,4,WIN
94,8,4,SAFE
93,8,4,ELIM
98,8,5,WIN
96,8,5,SAFE
90,8,5,BTM2
100,8,5,SAFE
101,8,5,HIGH
97,8,5,HIGH
95,8,5,LOW
94,8,5,ELIM
98,8,6,SAFE
96,8,6,HIGH
90,8,6,WIN
100,8,6,LOW
101,8,6,BTM2
97,8,6,SAFE
95,8,6,ELIM
98,8,7,WIN
96,8,7,SAFE
90,8,7,SAFE
100,8,7,BTM2
101,8,7,WIN
97,8,7,ELIM
98,8,8,BTM2
96,8,8,WIN
90,8,8,HIGH
100,8,8,HIGH
101,8,8,ELIM
98,8,9,SAFE
96,8,9,SAFE
90,8,9,SAFE
100,8,9,ELIM
98,8,10,Winner
96,8,10,Runner-up
90,8,10,Runner-up
100,8,10,Guest
101,8,10,Guest
97,8,10,Guest
95,8,10,Guest
94,8,10,Guest
93,8,10,Guest
91,8,10,Miss C
92,8,10,Guest
99,8,10,Guest
107,9,1,HIGH
102,9,1,SAFE
109,9,1,SAFE
110,9,1,SAFE
108,9,1,SAFE
113,9,1,WIN
103,9,1,SAFE
106,9,1,SAFE
114,9,1,SAFE
104,9,1,HIGH
105,9,1,SAFE
111,9,1,SAFE
112,9,1,SAFE
107,9,2,SAFE
102,9,2,SAFE
109,9,2,HIGH
110,9,2,HIGH
108,9,2,SAFE
113,9,2,SAFE
103,9,2,WIN
106,9,2,SAFE
114,9,2,SAFE
115,9,2,SAFE
104,9,2,SAFE
105,9,2,LOW
111,9,2,BTM2
112,9,2,ELIM
107,9,3,SAFE
102,9,3,HIGH
109,9,3,SAFE
110,9,3,WIN
108,9,3,SAFE
113,9,3,SAFE
103,9,3,HIGH
106,9,3,LOW
114,9,3,BTM2
115,9,3,SAFE
104,9,3,SAFE
105,9,3,SAFE
111,9,3,ELIM
107,9,4,WIN
102,9,4,LOW
109,9,4,WIN
110,9,4,BTM2
108,9,4,HIGH
113,9,4,SAFE
103,9,4,HIGH
106,9,4,HIGH
114,9,4,HIGH
115,9,4,SAFE
104,9,4,SAFE
105,9,4,ELIM
107,9,5,SAFE
102,9,5,HIGH
109,9,5,WIN
110,9,5,SAFE
108,9,5,HIGH
113,9,5,LOW
103,9,5,SAFE
106,9,5,BTM2
114,9,5,SAFE
115,9,5,BTM2
104,9,5,OUT
107,9,6,HIGH
102,9,6,BTM2
109,9,6,SAFE
110,9,6,SAFE
108,9,6,WIN
113,9,6,HIGH
103,9,6,SAFE
106,9,6,LOW
114,9,6,SAFE
115,9,6,ELIM
107,9,7,LOW
102,9,7,SAFE
109,9,7,HIGH
110,9,7,WIN
108,9,7,SAFE
113,9,7,BTM2
103,9,7,HIGH
106,9,7,SAFE
114,9,7,ELIM
107,9,8,HIGH
102,9,8,WIN
109,9,8,HIGH
110,9,8,LOW
108,9,8,BTM2
113,9,8,SAFE
103,9,8,SAFE
106,9,8,ELIM
107,9,9,WIN
102,9,9,HIGH
109,9,9,WIN
110,9,9,HIGH
108,9,9,LOW
113,9,9,BTM2
103,9,9,ELIM
107,9,10,HIGH
102,9,10,SAFE
109,9,10,BTM2
110,9,10,WIN
108,9,10,LOW
113,9,10,ELIM
107,9,11,HIGH
102,9,11,BTM2
109,9,11,WIN
110,9,11,LOW
108,9,11,ELIM
107,9,12,SAFE
102,9,12,SAFE
109,9,12,SAFE
110,9,12,SAFE
107,9,13,Guest
102,9,13,Guest
109,9,13,Guest
110,9,13,Guest
108,9,13,Guest
113,9,13,Guest
103,9,13,Miss C
106,9,13,Guest
114,9,13,Guest
115,9,13,Guest
104,9,13,Guest
105,9,13,Guest
111,9,13,Guest
112,9,13,Guest
107,9,14,Winner
102,9,14,Runner-up
109,9,14,Eliminated
110,9,14,Eliminated
108,9,14,Guest
113,9,14,Guest
103,9,14,Guest
106,9,14,Guest
114,9,14,Guest
115,9,14,Guest
104,9,14,Guest
105,9,14,Guest
111,9,14,Guest
112,9,14,Guest
129,10,1,SAFE
116,10,1,SAFE
122,10,1,SAFE
117,10,1,SAFE
118,10,1,HIGH
121,10,1,SAFE
127,10,1,SAFE
125,10,1,SAFE
120,10,1,HIGH
123,10,1,WIN
126,10,1,LOW
119,10,1,HIGH
124,10,1,BTM2
128,10,1,ELIM
129,10,2,SAFE
116,10,2,BTM2
122,10,2,HIGH
117,10,2,SAFE
118,10,2,HIGH
121,10,2,HIGH
127,10,2,WIN
125,10,2,LOW
120,10,2,HIGH
123,10,2,HIGH
126,10,2,SAFE
119,10,2,SAFE
124,10,2,ELIM
129,10,3,SAFE
116,10,3,HIGH
122,10,3,LOW
117,10,3,WIN
118,10,3,SAFE
121,10,3,SAFE
127,10,3,SAFE
125,10,3,SAFE
120,10,3,HIGH
123,10,3,BTM2
126,10,3,SAFE
119,10,3,ELIM
129,10,4,WIN
116,10,4,SAFE
122,10,4,HIGH
117,10,4,LOW
118,10,4,HIGH
121,10,4,BTM2
127,10,4,SAFE
125,10,4,SAFE
120,10,4,SAFE
123,10,4,SAFE
126,10,4,ELIM
129,10,5,SAFE
116,10,5,WIN
122,10,5,SAFE
117,10,5,SAFE
118,10,5,HIGH
121,10,5,BTM2
127,10,5,LOW
125,10,5,HIGH
120,10,5,SAFE
123,10,5,ELIM
129,10,6,SAFE
116,10,6,WIN
122,10,6,HIGH
117,10,6,SAFE
118,10,6,LOW
121,10,6,HIGH
127,10,6,BTM2
125,10,6,SAFE
120,10,6,ELIM
129,10,7,WIN
116,10,7,HIGH
122,10,7,SAFE
117,10,7,LOW
118,10,7,SAFE
121,10,7,HIGH
127,10,7,BTM2
125,10,7,ELIM
129,10,8,LOW
116,10,8,SAFE
122,10,8,WIN
117,10,8,BTM2
118,10,8,SAFE
121,10,8,HIGH
127,10,8,ELIM
129,10,9,HIGH
116,10,9,BTM2
122,10,9,BTM2
117,10,9,WIN
118,10,9,LOW
121,10,9,HIGH
129,10,10,LOW
116,10,10,HIGH
122,10,10,BTM2
117,10,10,HIGH
118,10,10,WIN
121,10,10,ELIM
129,10,11,WIN
116,10,11,HIGH
122,10,11,BTM2
117,10,11,HIGH
118,10,11,ELIM
129,10,12,SAFE
116,10,12,SAFE
122,10,12,SAFE
117,10,12,SAFE
129,10,13,Guest
116,10,13,Guest
122,10,13,Guest
117,10,13,Guest
118,10,13,Guest
121,10,13,Guest
127,10,13,Guest
125,10,13,Guest
120,10,13,Guest
123,10,13,Guest
126,10,13,Guest
119,10,13,Guest
124,10,13,Guest
128,10,13,Guest
129,10,14,Winner
116,10,14,Runner-up
122,10,14,Runner-up
117,10,14,Eliminated
118,10,14,Guest
121,10,14,Miss C
127,10,14,Guest
125,10,14,Guest
120,10,14,Guest
123,10,14,Guest
126,10,14,Guest
119,10,14,Guest
124,10,14,Guest
128,10,14,Guest
137,11,1,HIGH
140,11,1,WIN
139,11,1,SAFE
138,11,1,SAFE
130,11,1,HIGH
131,11,1,LOW
132,11,1,SAFE
133,11,1,HIGH
142,11,1,SAFE
135,11,1,SAFE
141,11,1,SAFE
134,11,1,LOW
136,11,1,SAFE
143,11,1,BTM2
144,11,1,ELIM
137,11,2,SAFE
140,11,2,LOW
139,11,2,SAFE
138,11,2,WIN
130,11,2,SAFE
131,11,2,SAFE
132,11,2,HIGH
133,11,2,HIGH
142,11,2,SAFE
135,11,2,WIN
141,11,2,LOW
134,11,2,BTM2
136,11,2,SAFE
143,11,2,ELIM
137,11,3,BTM6
140,11,3,HIGH
139,11,3,HIGH
138,11,3,HIGH
130,11,3,HIGH
131,11,3,WIN
132,11,3,BTM6
133,11,3,BTM6
142,11,3,BTM6
135,11,3,BTM6
141,11,3,HIGH
134,11,3,HIGH
136,11,3,ELIM
137,11,4,SAFE
140,11,4,HIGH
139,11,4,WIN
138,11,4,HIGH
130,11,4,LOW
131,11,4,SAFE
132,11,4,SAFE
133,11,4,SAFE
142,11,4,BTM2
135,11,4,SAFE
141,11,4,SAFE
134,11,4,ELIM
137,11,5,SAFE
140,11,5,WIN
139,11,5,LOW
138,11,5,HIGH
130,11,5,SAFE
131,11,5,SAFE
132,11,5,BTM2
133,11,5,HIGH
142,11,5,SAFE
135,11,5,SAFE
141,11,5,ELIM
137,11,6,WIN
140,11,6,HIGH
139,11,6,HIGH
138,11,6,HIGH
130,11,6,SAFE
131,11,6,LOW
132,11,6,HIGH
133,11,6,SAFE
142,11,6,BTM2
135,11,6,ELIM
137,11,7,BTM2
140,11,7,HIGH
139,11,7,SAFE
138,11,7,HIGH
130,11,7,SAFE
131,11,7,LOW
132,11,7,SAFE
133,11,7,WIN
142,11,7,ELIM
137,11,8,SAFE
140,11,8,BTM2
139,11,8,WIN
138,11,8,BTM2
130,11,8,LOW
131,11,8,HIGH
132,11,8,HIGH
133,11,8,SAFE
137,11,9,WIN
140,11,9,HIGH
139,11,9,HIGH
138,11,9,SAFE
130,11,9,BTM2
131,11,9,SAFE
132,11,9,LOW
133,11,9,ELIM
137,11,10,SAFE
140,11,10,HIGH
139,11,10,LOW
138,11,10,SAFE
130,11,10,BTM2
131,11,10,WIN
132,11,10,ELIM
137,11,11,HIGH
140,11,11,WIN
139,11,11,BTM2
138,11,11,LOW
130,11,11,HIGH
131,11,11,ELIM
132,11,11,Guest
133,11,11,Guest
135,11,11,Guest
141,11,11,Guest
136,11,11,Guest
144,11,11,Guest
137,11,12,SAFE
140,11,12,BTM2
139,11,12,SAFE
138,11,12,SAFE
130,11,12,ELIM
137,11,13,Guest
140,11,13,Guest
139,11,13,Guest
138,11,13,Guest
130,11,13,Guest
131,11,13,Guest
132,11,13,Guest
133,11,13,Guest
142,11,13,Guest
135,11,13,Guest
141,11,13,Guest
134,11,13,Guest
136,11,13,Guest
143,11,13,Guest
144,11,13,Guest
